{"stats":{"minecraft:picked_up":{"minecraft:spruce_log":9},"minecraft:custom":{"minecraft:jump":39,"minecraft:time_since_rest":5787,"minecraft:sprint_one_cm":15127,"minecraft:play_time":5787,"minecraft:time_since_death":5787,"minecraft:walk_one_cm":5880,"minecraft:total_world_time":5787,"minecraft:interact_with_crafting_table":1,"minecraft:fall_one_cm":1312,"minecraft:fly_one_cm":11950},"minecraft:crafted":{"minecraft:crafting_table":1,"minecraft:spruce_planks":9,"minecraft:stick":4,"minecraft:wooden_pickaxe":1,"minecraft:air":52},"minecraft:mined":{"minecraft:spruce_log":9},"minecraft:used":{"minecraft:crafting_table":1}},"DataVersion":3465}